{
  "model_name": "posefusion_multi_cam4",
  "task_suite_name": "libero_object",
  "task_range": [
    0,
    2
  ],
  "num_trials_per_task": 50,
  "camera_variation_config": "/scratch/yp2841/geometry-vla/LIBERO-Camera/configs/camera_variation/libero_object_left_camvar_04_only.json",
  "camera_variation_count": 1,
  "camera_variation_include_original": false,
  "total_episodes": 100,
  "total_successes": 66,
  "total_success_rate": 0.66,
  "records": [
    {
      "task_id": 0,
      "task_description": "pick up the alphabet soup and place it in the basket",
      "camera_label": "camvar_00",
      "variation_id": 0,
      "episodes": 50,
      "successes": 33,
      "success_rate": 0.66,
      "camera_pos": [
        0.513308128556793,
        -1.1467798685872514,
        0.8906173745791752
      ],
      "camera_quat": [
        0.8059126542670173,
        0.5304847042857425,
        0.14452042228332285,
        0.21955550495082055
      ],
      "delta_pos": [
        -0.383268871443207,
        -1.1467803902052514,
        0.2406173745791752
      ],
      "delta_rpy_deg": [
        0.0,
        6.0,
        -60.0
      ]
    },
    {
      "task_id": 1,
      "task_description": "pick up the cream cheese and place it in the basket",
      "camera_label": "camvar_00",
      "variation_id": 0,
      "episodes": 50,
      "successes": 33,
      "success_rate": 0.66,
      "camera_pos": [
        0.5147011009907443,
        -1.1230412477393092,
        0.8780823489777845
      ],
      "camera_quat": [
        0.800416964063301,
        0.540784950030017,
        0.1447834817023957,
        0.2142943417051706
      ],
      "delta_pos": [
        -0.38187589900925567,
        -1.1230417693573091,
        0.22808234897778445
      ],
      "delta_rpy_deg": [
        0.0,
        6.0,
        -60.0
      ]
    }
  ]
}
