{
  "model_name": "posefusion_multi_cam4",
  "task_suite_name": "libero_object",
  "task_range": [
    7,
    10
  ],
  "num_trials_per_task": 50,
  "camera_variation_config": "/scratch/yp2841/geometry-vla/LIBERO-Camera/configs/camera_variation/libero_object_left_camvar_04_only.json",
  "camera_variation_count": 1,
  "camera_variation_include_original": false,
  "total_episodes": 150,
  "total_successes": 136,
  "total_success_rate": 0.9066666666666666,
  "records": [
    {
      "task_id": 7,
      "task_description": "pick up the milk and place it in the basket",
      "camera_label": "camvar_00",
      "variation_id": 0,
      "episodes": 50,
      "successes": 40,
      "success_rate": 0.8,
      "camera_pos": [
        0.5171436353879276,
        -1.1491876265664562,
        0.8873704104772692
      ],
      "camera_quat": [
        0.8030431238719359,
        0.5342089278505008,
        0.14627109643515976,
        0.2198802604930178
      ],
      "delta_pos": [
        -0.37943336461207233,
        -1.1491881481844561,
        0.23737041047726914
      ],
      "delta_rpy_deg": [
        0.0,
        6.0,
        -60.0
      ]
    },
    {
      "task_id": 8,
      "task_description": "pick up the chocolate pudding and place it in the basket",
      "camera_label": "camvar_00",
      "variation_id": 0,
      "episodes": 50,
      "successes": 48,
      "success_rate": 0.96,
      "camera_pos": [
        0.516730942872028,
        -1.1576386631717548,
        0.8884381765754537
      ],
      "camera_quat": [
        0.8025204989326793,
        0.5345156679971305,
        0.14693095738660167,
        0.22060177519657825
      ],
      "delta_pos": [
        -0.3798460571279719,
        -1.1576391847897547,
        0.23843817657545363
      ],
      "delta_rpy_deg": [
        0.0,
        6.0,
        -60.0
      ]
    },
    {
      "task_id": 9,
      "task_description": "pick up the orange juice and place it in the basket",
      "camera_label": "camvar_00",
      "variation_id": 0,
      "episodes": 50,
      "successes": 48,
      "success_rate": 0.96,
      "camera_pos": [
        0.5284468682355757,
        -1.152940020192225,
        0.8856019853883887
      ],
      "camera_quat": [
        0.8006643391197613,
        0.5355502796685239,
        0.14931050358727102,
        0.22322385071357723
      ],
      "delta_pos": [
        -0.3681301317644242,
        -1.152940541810225,
        0.23560198538838872
      ],
      "delta_rpy_deg": [
        0.0,
        6.0,
        -60.0
      ]
    }
  ]
}
