{
  "model_name": "cam_pi0_baseline",
  "task_suite_name": "libero_object",
  "task_range": [
    7,
    10
  ],
  "num_trials_per_task": 50,
  "camera_variation_config": "/scratch/yp2841/geometry-vla/LIBERO-Camera/configs/camera_variation/libero_object_left_variation.json",
  "camera_variation_count": 4,
  "camera_variation_include_original": true,
  "total_episodes": 750,
  "total_successes": 613,
  "total_success_rate": 0.8173333333333334,
  "records": [
    {
      "task_id": 7,
      "task_description": "pick up the milk and place it in the basket",
      "camera_label": "original",
      "variation_id": null,
      "episodes": 50,
      "successes": 36,
      "success_rate": 0.72,
      "camera_pos": [
        0.896577,
        5.21618e-07,
        0.65
      ],
      "camera_quat": [
        0.6182167547735541,
        0.3432308638514983,
        0.3432308638514983,
        0.6182177547731574
      ],
      "delta_pos": [
        0.0,
        0.0,
        0.0
      ],
      "delta_rpy_deg": [
        0.0,
        0.0,
        0.0
      ]
    },
    {
      "task_id": 7,
      "task_description": "pick up the milk and place it in the basket",
      "camera_label": "camvar_00",
      "variation_id": 0,
      "episodes": 50,
      "successes": 40,
      "success_rate": 0.8,
      "camera_pos": [
        0.8477242426055421,
        -0.21349100149226144,
        0.9423542920450149
      ],
      "camera_quat": [
        0.6725066059114871,
        0.382550509142229,
        0.31325647046813593,
        0.5506907995148267
      ],
      "delta_pos": [
        -0.048852757394457824,
        -0.21349152311026143,
        0.29235429204501484
      ],
      "delta_rpy_deg": [
        0.0,
        14.0,
        -12.0
      ]
    },
    {
      "task_id": 7,
      "task_description": "pick up the milk and place it in the basket",
      "camera_label": "camvar_01",
      "variation_id": 1,
      "episodes": 50,
      "successes": 31,
      "success_rate": 0.62,
      "camera_pos": [
        0.855823317666487,
        -0.44897546087355583,
        0.9379555711304148
      ],
      "camera_quat": [
        0.7190634571572875,
        0.42581331603192285,
        0.27984303752107736,
        0.47256601530567616
      ],
      "delta_pos": [
        -0.04075368233351295,
        -0.44897598249155585,
        0.2879555711304148
      ],
      "delta_rpy_deg": [
        0.0,
        12.0,
        -24.0
      ]
    },
    {
      "task_id": 7,
      "task_description": "pick up the milk and place it in the basket",
      "camera_label": "camvar_02",
      "variation_id": 2,
      "episodes": 50,
      "successes": 35,
      "success_rate": 0.7,
      "camera_pos": [
        0.7914326812367363,
        -0.6844285753836037,
        0.9188895861039053
      ],
      "camera_quat": [
        0.7565032445662707,
        0.4660060058684869,
        0.24065527333917364,
        0.39067413898190484
      ],
      "delta_pos": [
        -0.10514431876326369,
        -0.6844290970016037,
        0.26888958610390523
      ],
      "delta_rpy_deg": [
        0.0,
        10.0,
        -36.0
      ]
    },
    {
      "task_id": 7,
      "task_description": "pick up the milk and place it in the basket",
      "camera_label": "camvar_03",
      "variation_id": 3,
      "episodes": 50,
      "successes": 35,
      "success_rate": 0.7,
      "camera_pos": [
        0.6847477346778478,
        -0.9253866888330625,
        0.9055697956162272
      ],
      "camera_quat": [
        0.784547406323943,
        0.5023772568027391,
        0.19599779804451833,
        0.3060838483805194
      ],
      "delta_pos": [
        -0.21182926532215218,
        -0.9253872104510625,
        0.25556979561622717
      ],
      "delta_rpy_deg": [
        0.0,
        8.0,
        -48.0
      ]
    },
    {
      "task_id": 8,
      "task_description": "pick up the chocolate pudding and place it in the basket",
      "camera_label": "original",
      "variation_id": null,
      "episodes": 50,
      "successes": 47,
      "success_rate": 0.94,
      "camera_pos": [
        0.896577,
        5.21618e-07,
        0.65
      ],
      "camera_quat": [
        0.6182167547735541,
        0.3432308638514983,
        0.3432308638514983,
        0.6182177547731574
      ],
      "delta_pos": [
        0.0,
        0.0,
        0.0
      ],
      "delta_rpy_deg": [
        0.0,
        0.0,
        0.0
      ]
    },
    {
      "task_id": 8,
      "task_description": "pick up the chocolate pudding and place it in the basket",
      "camera_label": "camvar_00",
      "variation_id": 0,
      "episodes": 50,
      "successes": 49,
      "success_rate": 0.98,
      "camera_pos": [
        0.8477695539787031,
        -0.21504636225298718,
        0.9440629777432558
      ],
      "camera_quat": [
        0.6717384010166153,
        0.3826160875919596,
        0.3139511227101742,
        0.5511870305662897
      ],
      "delta_pos": [
        -0.04880744602129683,
        -0.21504688387098717,
        0.29406297774325574
      ],
      "delta_rpy_deg": [
        0.0,
        14.0,
        -12.0
      ]
    },
    {
      "task_id": 8,
      "task_description": "pick up the chocolate pudding and place it in the basket",
      "camera_label": "camvar_01",
      "variation_id": 1,
      "episodes": 50,
      "successes": 49,
      "success_rate": 0.98,
      "camera_pos": [
        0.8563660436303033,
        -0.45210644820620816,
        0.9395601263573171
      ],
      "camera_quat": [
        0.7183490338311874,
        0.42593869685726155,
        0.28053693979447347,
        0.4731278025270652
      ],
      "delta_pos": [
        -0.04021095636969663,
        -0.45210696982420817,
        0.2895601263573171
      ],
      "delta_rpy_deg": [
        0.0,
        12.0,
        -24.0
      ]
    },
    {
      "task_id": 8,
      "task_description": "pick up the chocolate pudding and place it in the basket",
      "camera_label": "camvar_02",
      "variation_id": 2,
      "episodes": 50,
      "successes": 46,
      "success_rate": 0.92,
      "camera_pos": [
        0.7919769251839799,
        -0.6892619720759076,
        0.9203158506869127
      ],
      "camera_quat": [
        0.7558481148738484,
        0.4661918270946529,
        0.24134321950065138,
        0.3912956145842416
      ],
      "delta_pos": [
        -0.10460007481602007,
        -0.6892624936939076,
        0.27031585068691266
      ],
      "delta_rpy_deg": [
        0.0,
        10.0,
        -36.0
      ]
    },
    {
      "task_id": 8,
      "task_description": "pick up the chocolate pudding and place it in the basket",
      "camera_label": "camvar_03",
      "variation_id": 3,
      "episodes": 50,
      "successes": 49,
      "success_rate": 0.98,
      "camera_pos": [
        0.6850310684043832,
        -0.932032529824698,
        0.9068328620858999
      ],
      "camera_quat": [
        0.7839564364653243,
        0.5026236937232276,
        0.19667443267598395,
        0.3067586930539849
      ],
      "delta_pos": [
        -0.21154593159561674,
        -0.932033051442698,
        0.25683286208589984
      ],
      "delta_rpy_deg": [
        0.0,
        8.0,
        -48.0
      ]
    },
    {
      "task_id": 9,
      "task_description": "pick up the orange juice and place it in the basket",
      "camera_label": "original",
      "variation_id": null,
      "episodes": 50,
      "successes": 36,
      "success_rate": 0.72,
      "camera_pos": [
        0.896577,
        5.21618e-07,
        0.65
      ],
      "camera_quat": [
        0.6182167547735541,
        0.3432308638514983,
        0.3432308638514983,
        0.6182177547731574
      ],
      "delta_pos": [
        0.0,
        0.0,
        0.0
      ],
      "delta_rpy_deg": [
        0.0,
        0.0,
        0.0
      ]
    },
    {
      "task_id": 9,
      "task_description": "pick up the orange juice and place it in the basket",