{
  "model_name": "cam_pi0_baseline",
  "task_suite_name": "libero_object",
  "task_range": [
    2,
    5
  ],
  "num_trials_per_task": 50,
  "camera_variation_config": "/scratch/yp2841/geometry-vla/LIBERO-Camera/configs/camera_variation/libero_object_left_variation.json",
  "camera_variation_count": 4,
  "camera_variation_include_original": true,
  "total_episodes": 750,
  "total_successes": 608,
  "total_success_rate": 0.8106666666666666,
  "records": [
    {
      "task_id": 2,
      "task_description": "pick up the salad dressing and place it in the basket",
      "camera_label": "original",
      "variation_id": null,
      "episodes": 50,
      "successes": 44,
      "success_rate": 0.88,
      "camera_pos": [
        0.896577,
        5.21618e-07,
        0.65
      ],
      "camera_quat": [
        0.6182167547735541,
        0.3432308638514983,
        0.3432308638514983,
        0.6182177547731574
      ],
      "delta_pos": [
        0.0,
        0.0,
        0.0
      ],
      "delta_rpy_deg": [
        0.0,
        0.0,
        0.0
      ]
    },
    {
      "task_id": 2,
      "task_description": "pick up the salad dressing and place it in the basket",
      "camera_label": "camvar_00",
      "variation_id": 0,
      "episodes": 50,
      "successes": 49,
      "success_rate": 0.98,
      "camera_pos": [
        0.846205408569958,
        -0.2112715598246218,
        0.9400814473259946
      ],
      "camera_quat": [
        0.676424873066446,
        0.38654543126560975,
        0.3110510139757092,
        0.5443154300306112
      ],
      "delta_pos": [
        -0.050371591430041995,
        -0.2112720814426218,
        0.2900814473259946
      ],
      "delta_rpy_deg": [
        0.0,
        14.0,
        -12.0
      ]
    },
    {
      "task_id": 2,
      "task_description": "pick up the salad dressing and place it in the basket",
      "camera_label": "camvar_01",
      "variation_id": 1,
      "episodes": 50,
      "successes": 49,
      "success_rate": 0.98,
      "camera_pos": [
        0.8500445379254291,
        -0.4452524466144085,
        0.9353974546563883
      ],
      "camera_quat": [
        0.7222280443446616,
        0.4296116287391822,
        0.2771146733361521,
        0.4658625958755976
      ],
      "delta_pos": [
        -0.046532462074570846,
        -0.4452529682324085,
        0.2853974546563883
      ],
      "delta_rpy_deg": [
        0.0,
        12.0,
        -24.0
      ]
    },
    {
      "task_id": 2,
      "task_description": "pick up the salad dressing and place it in the basket",
      "camera_label": "camvar_02",
      "variation_id": 2,
      "episodes": 50,
      "successes": 47,
      "success_rate": 0.94,
      "camera_pos": [
        0.7819158065757269,
        -0.6778861941356671,
        0.9162553134316369
      ],
      "camera_quat": [
        0.758888475786847,
        0.4695404856489256,
        0.23742317438074134,
        0.38373200273297425
      ],
      "delta_pos": [
        -0.11466119342427306,
        -0.6778867157536671,
        0.2662553134316369
      ],
      "delta_rpy_deg": [
        0.0,
        10.0,
        -36.0
      ]
    },
    {
      "task_id": 2,
      "task_description": "pick up the salad dressing and place it in the basket",
      "camera_label": "camvar_03",
      "variation_id": 3,
      "episodes": 50,
      "successes": 48,
      "success_rate": 0.96,
      "camera_pos": [
        0.6717277877548821,
        -0.9151778751407665,
        0.9027278063624762
      ],
      "camera_quat": [
        0.7861382183641697,
        0.5055827797108247,
        0.19228965237352633,
        0.29899405358159403
      ],
      "delta_pos": [
        -0.2248492122451179,
        -0.9151783967587666,
        0.25272780636247616
      ],
      "delta_rpy_deg": [
        0.0,
        8.0,
        -48.0
      ]
    },
    {
      "task_id": 3,
      "task_description": "pick up the bbq sauce and place it in the basket",
      "camera_label": "original",
      "variation_id": null,
      "episodes": 50,
      "successes": 39,
      "success_rate": 0.78,
      "camera_pos": [
        0.896577,
        5.21618e-07,
        0.65
      ],
      "camera_quat": [
        0.6182167547735541,
        0.3432308638514983,
        0.3432308638514983,
        0.6182177547731574
      ],
      "delta_pos": [
        0.0,
        0.0,
        0.0
      ],
      "delta_rpy_deg": [
        0.0,
        0.0,
        0.0
      ]
    },
    {
      "task_id": 3,
      "task_description": "pick up the bbq sauce and place it in the basket",
      "camera_label": "camvar_00",
      "variation_id": 0,
      "episodes": 50,
      "successes": 37,
      "success_rate": 0.74,
      "camera_pos": [
        0.8424551766176407,
        -0.21438346978311335,
        0.9449616246348296
      ],
      "camera_quat": [
        0.6769850064368145,
        0.38304735127764755,
        0.30948703075344663,
        0.5469769698390783
      ],
      "delta_pos": [
        -0.05412182338235927,
        -0.21438399140111333,
        0.29496162463482956
      ],
      "delta_rpy_deg": [
        0.0,
        14.0,
        -12.0
      ]
    },
    {
      "task_id": 3,
      "task_description": "pick up the bbq sauce and place it in the basket",
      "camera_label": "camvar_01",
      "variation_id": 1,
      "episodes": 50,
      "successes": 32,
      "success_rate": 0.64,
      "camera_pos": [
        0.8477488483049718,
        -0.4517882220128474,
        0.9409020387182987
      ],
      "camera_quat": [
        0.7231267573046208,
        0.42598436309032506,
        0.27597026188908574,
        0.4684713756735875
      ],
      "delta_pos": [
        -0.04882815169502819,
        -0.4517887436308474,
        0.29090203871829867
      ],
      "delta_rpy_deg": [
        0.0,
        12.0,
        -24.0
      ]
    },
    {
      "task_id": 3,
      "task_description": "pick up the bbq sauce and place it in the basket",
      "camera_label": "camvar_02",
      "variation_id": 2,
      "episodes": 50,
      "successes": 38,
      "success_rate": 0.76,
      "camera_pos": [
        0.7799763984024827,
        -0.68830490148472,
        0.9219318215372075
      ],
      "camera_quat": [
        0.7601198250304569,
        0.465834392522444,
        0.236707940813341,
        0.38624541562952047
      ],
      "delta_pos": [
        -0.11660060159751728,
        -0.68830542310272,
        0.2719318215372075
      ],
      "delta_rpy_deg": [
        0.0,
        10.0,
        -36.0
      ]
    },
    {
      "task_id": 3,
      "task_description": "pick up the bbq sauce and place it in the basket",
      "camera_label": "camvar_03",
      "variation_id": 3,
      "episodes": 50,
      "successes": 32,
      "success_rate": 0.64,
      "camera_pos": [
        0.6694714253970022,
        -0.9299174392587508,
        0.9088620269710246
      ],
      "camera_quat": [
        0.7876909495081592,
        0.5018487568698349,
        0.19200715697309123,
        0.3013702788302898
      ],
      "delta_pos": [
        -0.22710557460299774,
        -0.9299179608767508,
        0.25886202697102456
      ],
      "delta_rpy_deg": [
        0.0,
        8.0,
        -48.0
      ]
    },
    {
      "task_id": 4,
      "task_description": "pick up the ketchup and place it in the basket",
      "camera_label": "original",
      "variation_id": null,
      "episodes": 50,
      "successes": 34,
      "success_rate": 0.68,
      "camera_pos": [
        0.896577,
        5.21618e-07,
        0.65
      ],
      "camera_quat": [
        0.6182167547735541,
        0.3432308638514983,
        0.3432308638514983,
        0.6182177547731574
      ],
      "delta_pos": [
        0.0,
        0.0,
        0.0
      ],
      "delta_rpy_deg": [
        0.0,
        0.0,
        0.0
      ]
    },
    {
      "task_id": 4,
      "task_description": "pick up the ketchup and place it in the basket",
      "camera_label": "camvar_00",